{"cameraMode":{"drawMode":1,"name":"Wireframe","section":"Shading Mode"},"sceneLighting":false,"audioPlay":false,"sceneViewState":{"showFog":true,"showMaterialUpdate":false,"showSkybox":false,"showFlares":true,"showImageEffects":true,"showParticleSystems":true},"in2DMode":false,"pivot":{"x":5.185195446014404,"y":0.3041151762008667,"z":0.1791841983795166},"rotation":{"x":0.008343006484210492,"y":0.9823740124702454,"z":-0.18212540447711945,"w":0.04509797692298889},"size":0.6002811193466187,"orthographic":false}