{"cameraMode":{"drawMode":0,"name":"Shaded","section":"Shading Mode"},"sceneLighting":false,"audioPlay":false,"sceneViewState":{"showFog":true,"showMaterialUpdate":false,"showSkybox":false,"showFlares":true,"showImageEffects":true,"showParticleSystems":true},"in2DMode":false,"pivot":{"x":4.8180928230285648,"y":-0.03894059360027313,"z":-0.217691570520401},"rotation":{"x":-0.031672507524490359,"y":0.966814398765564,"z":-0.1479005515575409,"w":-0.20669765770435334},"size":0.9465987086296082,"orthographic":false}