{"cameraMode":{"drawMode":0,"name":"Shaded","section":"Shading Mode"},"sceneLighting":false,"audioPlay":false,"sceneViewState":{"showFog":true,"showMaterialUpdate":false,"showSkybox":false,"showFlares":true,"showImageEffects":true,"showParticleSystems":true},"in2DMode":false,"pivot":{"x":2.2351741790771486e-8,"y":0.19272124767303468,"z":0.5817456245422363},"rotation":{"x":-0.1682279109954834,"y":0.0947636142373085,"z":-0.016237806528806688,"w":-0.9811294078826904},"size":2.2371909618377687,"orthographic":false}