{"cameraMode":{"drawMode":0,"name":"Shaded","section":"Shading Mode"},"sceneLighting":false,"audioPlay":false,"sceneViewState":{"showFog":true,"showMaterialUpdate":false,"showSkybox":false,"showFlares":true,"showImageEffects":true,"showParticleSystems":true},"in2DMode":false,"pivot":{"x":2.4745781421661379,"y":0.46541881561279299,"z":-0.03188467025756836},"rotation":{"x":0.012620671652257443,"y":0.566078245639801,"z":-0.008665685541927815,"w":0.8242271542549133},"size":1.3268277645111085,"orthographic":false}