{"cameraMode":{"drawMode":0,"name":"Shaded","section":"Shading Mode"},"sceneLighting":false,"audioPlay":false,"sceneViewState":{"showFog":true,"showMaterialUpdate":false,"showSkybox":false,"showFlares":true,"showImageEffects":true,"showParticleSystems":true},"in2DMode":false,"pivot":{"x":-0.6391153335571289,"y":3.0490217208862306,"z":3.1327638626098635},"rotation":{"x":0.12275443226099014,"y":-0.7524763345718384,"z":0.14655378460884095,"w":0.6306232810020447},"size":9.658482551574707,"orthographic":false}